{"stats":{"minecraft:killed_by":{"minecraft:skeleton":2,"minecraft:zombie":1},"minecraft:broken":{"minecraft:stone_sword":1,"minecraft:stone_axe":1},"minecraft:killed":{"minecraft:spider":1,"minecraft:skeleton":3,"minecraft:chicken":9,"minecraft:pig":11,"minecraft:salmon":12,"minecraft:sheep":14,"minecraft:pillager":1,"minecraft:zombie":9,"minecraft:cow":2},"minecraft:dropped":{"minecraft:oak_log":1,"minecraft:cobblestone":2,"minecraft:stick":2,"minecraft:flint":1,"minecraft:diorite":1,"minecraft:torch":1,"minecraft:rose_bush":4,"minecraft:snowball":13,"minecraft:dandelion":2,"minecraft:sugar_cane":1,"minecraft:stone_sword":1,"minecraft:tuff":1,"minecraft:rotten_flesh":12,"minecraft:gunpowder":1,"minecraft:bow":1,"minecraft:egg":2},"minecraft:used":{"minecraft:stone_sword":267,"minecraft:stone_shovel":122,"minecraft:spruce_planks":44,"minecraft:chest":2,"minecraft:cooked_salmon":7,"minecraft:stone_hoe":24,"minecraft:rotten_flesh":1,"minecraft:torch":28,"minecraft:dirt":16,"minecraft:spruce_stairs":14,"minecraft:spruce_fence":3,"minecraft:granite":3,"minecraft:azure_bluet":2,"minecraft:dark_oak_planks":14,"minecraft:iron_axe":91,"minecraft:dark_oak_slab":3,"minecraft:furnace":7,"minecraft:wheat_seeds":23,"minecraft:cooked_mutton":2,"minecraft:dark_oak_stairs":101,"minecraft:water_bucket":2,"minecraft:spruce_door":4,"minecraft:birch_planks":20,"minecraft:stone_pickaxe":155,"minecraft:oak_planks":114,"minecraft:sugar_cane":6,"minecraft:crafting_table":11,"minecraft:white_bed":7,"minecraft:oak_log":16,"minecraft:apple":1,"minecraft:iron_pickaxe":28,"minecraft:stone_axe":189,"minecraft:cobblestone":16,"minecraft:cooked_porkchop":18,"minecraft:bucket":2,"minecraft:glass_pane":11,"minecraft:oak_boat":1,"minecraft:dandelion":1},"minecraft:custom":{"minecraft:mob_kills":63,"minecraft:interact_with_crafting_table":51,"minecraft:leave_game":1,"minecraft:time_since_death":116756,"minecraft:climb_one_cm":421,"minecraft:sprint_one_cm":462852,"minecraft:walk_one_cm":591761,"minecraft:drop":16,"minecraft:play_time":158024,"minecraft:deaths":3,"minecraft:sneak_time":5213,"minecraft:walk_under_water_one_cm":30489,"minecraft:jump":3640,"minecraft:walk_on_water_one_cm":26059,"minecraft:total_world_time":158024,"minecraft:interact_with_furnace":50,"minecraft:sleep_in_bed":9,"minecraft:time_since_rest":24672,"minecraft:damage_taken":2492,"minecraft:damage_dealt":6481,"minecraft:swim_one_cm":59876,"minecraft:fly_one_cm":687584,"minecraft:open_chest":9,"minecraft:crouch_one_cm":15811,"minecraft:fall_one_cm":110903},"minecraft:picked_up":{"minecraft:cocoa_beans":4,"minecraft:crafting_table":8,"minecraft:azure_bluet":4,"minecraft:chicken":9,"minecraft:wooden_pickaxe":1,"minecraft:shield":2,"minecraft:cornflower":7,"minecraft:cobbled_deepslate":30,"minecraft:spruce_planks":12,"minecraft:beef":5,"minecraft:oak_boat":1,"minecraft:rose_bush":4,"minecraft:poppy":1,"minecraft:light_gray_wool":1,"minecraft:melon_slice":38,"minecraft:sugar_cane":8,"minecraft:birch_sapling":4,"minecraft:egg":7,"minecraft:furnace":4,"minecraft:raw_iron":9,"minecraft:stick":12,"minecraft:torch":3,"minecraft:spruce_stairs":14,"minecraft:porkchop":25,"minecraft:diorite":1,"minecraft:carrot":1,"minecraft:dark_oak_planks":16,"minecraft:stone_sword":3,"minecraft:arrow":3,"minecraft:rotten_flesh":51,"minecraft:peony":6,"minecraft:mutton":26,"minecraft:snowball":29,"minecraft:white_wool":11,"minecraft:cobblestone":61,"minecraft:oxeye_daisy":10,"minecraft:birch_log":17,"minecraft:feather":2,"minecraft:salmon":11,"minecraft:leather":3,"minecraft:birch_planks":20,"minecraft:flint":2,"minecraft:tuff":2,"minecraft:oak_log":121,"minecraft:gunpowder":1,"minecraft:dirt":78,"minecraft:bone":1,"minecraft:apple":3,"minecraft:bow":1,"minecraft:wheat_seeds":33,"minecraft:iron_ingot":16,"minecraft:stone_pickaxe":2,"minecraft:oak_planks":98,"minecraft:dark_oak_stairs":46,"minecraft:dark_oak_slab":3,"minecraft:cooked_porkchop":4,"minecraft:dandelion":26,"minecraft:sand":14,"minecraft:white_bed":9,"minecraft:spruce_log":26,"minecraft:dark_oak_log":45,"minecraft:spruce_door":3,"minecraft:stone_axe":1,"minecraft:granite":3,"minecraft:bone_meal":2,"minecraft:oak_sapling":18,"minecraft:black_wool":1,"minecraft:coal":118},"minecraft:crafted":{"minecraft:oak_planks":184,"minecraft:stone_shovel":1,"minecraft:furnace":3,"minecraft:spruce_fence":3,"minecraft:cooked_mutton":2,"minecraft:glass_pane":16,"minecraft:glass":14,"minecraft:spruce_stairs":12,"minecraft:iron_axe":1,"minecraft:stone_pickaxe":1,"minecraft:chest":2,"minecraft:dark_oak_planks":180,"minecraft:stone_hoe":1,"minecraft:cooked_porkchop":22,"minecraft:dark_oak_stairs":80,"minecraft:crafting_table":5,"minecraft:spruce_planks":60,"minecraft:spruce_door":3,"minecraft:cooked_salmon":7,"minecraft:bucket":1,"minecraft:birch_planks":68,"minecraft:stone_axe":3,"minecraft:air":0,"minecraft:oak_boat":1,"minecraft:dark_oak_slab":6,"minecraft:stick":20,"minecraft:iron_pickaxe":1,"minecraft:stone_sword":2,"minecraft:torch":28},"minecraft:mined":{"minecraft:dark_oak_planks":3,"minecraft:spruce_planks":4,"minecraft:white_bed":7,"minecraft:dark_oak_log":45,"minecraft:granite":4,"minecraft:grass_block":58,"minecraft:spruce_leaves":1,"minecraft:oxeye_daisy":5,"minecraft:furnace":5,"minecraft:iron_ore":9,"minecraft:cobbled_deepslate":1,"minecraft:snow":5,"minecraft:azure_bluet":3,"minecraft:peony":6,"minecraft:dark_oak_stairs":22,"minecraft:stone":54,"minecraft:glass_pane":2,"minecraft:snow_block":6,"minecraft:dandelion":15,"minecraft:spruce_door":3,"minecraft:powder_snow":1,"minecraft:cornflower":5,"minecraft:crafting_table":7,"minecraft:poppy":1,"minecraft:melon":9,"minecraft:rose_bush":4,"minecraft:tall_grass":38,"minecraft:oak_planks":56,"minecraft:sugar_cane":5,"minecraft:sculk":11,"minecraft:wall_torch":1,"minecraft:spruce_stairs":14,"minecraft:dark_oak_slab":3,"minecraft:birch_log":17,"minecraft:spruce_log":27,"minecraft:grass":265,"minecraft:coal_ore":83,"minecraft:oak_log":96,"minecraft:cocoa":2,"minecraft:sand":14,"minecraft:dirt":24,"minecraft:oak_leaves":21,"minecraft:deepslate":24,"minecraft:fern":7}},"DataVersion":3120}