{"stats":{"minecraft:broken":{"minecraft:golden_helmet":1},"minecraft:killed":{"minecraft:pig":3,"minecraft:spider":1,"minecraft:sheep":8,"minecraft:zombie":8,"minecraft:chicken":2,"minecraft:cow":4,"minecraft:enderman":1},"minecraft:dropped":{"minecraft:stone_axe":1,"minecraft:stone_sword":1,"minecraft:cobbled_deepslate":4,"minecraft:tuff":1,"minecraft:rotten_flesh":3,"minecraft:coal":3,"minecraft:gray_wool":1,"minecraft:diorite":1,"minecraft:andesite":2,"minecraft:wooden_sword":1,"minecraft:stone_pickaxe":2,"minecraft:wooden_pickaxe":2,"minecraft:black_wool":1},"minecraft:used":{"minecraft:moss_block":5,"minecraft:cooked_mutton":9,"minecraft:diorite":6,"minecraft:stone_sword":9,"minecraft:iron_shovel":11,"minecraft:stone_pickaxe":129,"minecraft:oak_planks":74,"minecraft:wooden_pickaxe":16,"minecraft:iron_sword":7,"minecraft:stone_hoe":32,"minecraft:torch":11,"minecraft:dirt":3,"minecraft:crafting_table":10,"minecraft:carrot":1,"minecraft:white_bed":6,"minecraft:tuff":1,"minecraft:wooden_axe":1,"minecraft:chicken":2,"minecraft:iron_axe":1,"minecraft:iron_pickaxe":241,"minecraft:gravel":4,"minecraft:light_gray_wool":1,"minecraft:stone_axe":64,"minecraft:cobblestone":103,"minecraft:furnace":4,"minecraft:cooked_porkchop":9,"minecraft:andesite":8,"minecraft:cobbled_deepslate":25,"minecraft:cooked_beef":8,"minecraft:gray_wool":1},"minecraft:custom":{"minecraft:interact_with_furnace":39,"minecraft:mob_kills":29,"minecraft:interact_with_crafting_table":21,"minecraft:leave_game":2,"minecraft:time_since_death":34466,"minecraft:climb_one_cm":165,"minecraft:sleep_in_bed":5,"minecraft:time_since_rest":963,"minecraft:sprint_one_cm":227653,"minecraft:damage_taken":2150,"minecraft:walk_one_cm":245932,"minecraft:drop":23,"minecraft:damage_dealt":3794,"minecraft:swim_one_cm":15995,"minecraft:fly_one_cm":487387,"minecraft:crouch_one_cm":23541,"minecraft:play_time":98776,"minecraft:deaths":1,"minecraft:sneak_time":8491,"minecraft:walk_under_water_one_cm":9299,"minecraft:jump":2906,"minecraft:walk_on_water_one_cm":19359,"minecraft:total_world_time":98776,"minecraft:fall_one_cm":101861},"minecraft:picked_up":{"minecraft:crafting_table":7,"minecraft:chicken":2,"minecraft:andesite":10,"minecraft:leather":5,"minecraft:golden_leggings":1,"minecraft:wooden_pickaxe":1,"minecraft:tuff":2,"minecraft:oak_log":27,"minecraft:lapis_lazuli":9,"minecraft:dirt":3,"minecraft:wooden_sword":1,"minecraft:wheat_seeds":2,"minecraft:cobbled_deepslate":30,"minecraft:raw_gold":6,"minecraft:stone_pickaxe":2,"minecraft:beef":8,"minecraft:light_gray_wool":1,"minecraft:moss_block":5,"minecraft:oak_planks":30,"minecraft:iron_boots":1,"minecraft:furnace":3,"minecraft:golden_helmet":2,"minecraft:stick":6,"minecraft:raw_iron":43,"minecraft:cooked_porkchop":10,"minecraft:torch":5,"minecraft:gravel":4,"minecraft:porkchop":7,"minecraft:carrot":1,"minecraft:diorite":10,"minecraft:white_bed":3,"minecraft:redstone":18,"minecraft:arrow":2,"minecraft:rotten_flesh":5,"minecraft:gray_wool":2,"minecraft:oak_sapling":2,"minecraft:coal":87,"minecraft:black_wool":1,"minecraft:mutton":9,"minecraft:white_wool":13,"minecraft:cobblestone":162,"minecraft:ender_pearl":1},"minecraft:mined":{"minecraft:deepslate_redstone_ore":4,"minecraft:tuff":2,"minecraft:white_bed":3,"minecraft:sculk_vein":12,"minecraft:powder_snow":4,"minecraft:crafting_table":6,"minecraft:torch":3,"minecraft:grass_block":1,"minecraft:sculk_sensor":3,"minecraft:tall_grass":6,"minecraft:cobblestone":31,"minecraft:moss_block":8,"minecraft:deepslate_gold_ore":6,"minecraft:oak_planks":1,"minecraft:sculk":44,"minecraft:diorite":9,"minecraft:wall_torch":2,"minecraft:sculk_catalyst":1,"minecraft:furnace":2,"minecraft:iron_ore":25,"minecraft:cobbled_deepslate":4,"minecraft:andesite":10,"minecraft:deepslate_lapis_ore":1,"minecraft:grass":12,"minecraft:coal_ore":89,"minecraft:oak_log":22,"minecraft:deepslate_iron_ore":19,"minecraft:gravel":4,"minecraft:dirt":2,"minecraft:stone":128,"minecraft:deepslate":27},"minecraft:crafted":{"minecraft:cooked_beef":8,"minecraft:wooden_sword":1,"minecraft:oak_planks":108,"minecraft:cooked_porkchop":7,"minecraft:crafting_table":3,"minecraft:wooden_pickaxe":1,"minecraft:iron_sword":1,"minecraft:furnace":1,"minecraft:stone_axe":1,"minecraft:cooked_mutton":9,"minecraft:air":0,"minecraft:iron_axe":1,"minecraft:stick":28,"minecraft:iron_ingot":16,"minecraft:iron_pickaxe":1,"minecraft:stone_pickaxe":1,"minecraft:wooden_axe":1,"minecraft:iron_leggings":1,"minecraft:stone_sword":1,"minecraft:iron_shovel":1,"minecraft:white_bed":3,"minecraft:torch":8,"minecraft:stone_hoe":1}},"DataVersion":3120}