{"stats":{"minecraft:picked_up":{"minecraft:crafting_table":10,"minecraft:iron_chestplate":1,"minecraft:chicken":2,"minecraft:chest_minecart":1,"minecraft:wooden_pickaxe":1,"minecraft:amethyst_block":18,"minecraft:polished_deepslate":3,"minecraft:string":12,"minecraft:wooden_sword":1,"minecraft:iron_leggings":1,"minecraft:cobbled_deepslate":325,"minecraft:beef":17,"minecraft:calcite":6,"minecraft:light_gray_wool":1,"minecraft:sugar_cane":20,"minecraft:birch_sapling":11,"minecraft:furnace":4,"minecraft:iron_boots":2,"minecraft:egg":1,"minecraft:golden_helmet":2,"minecraft:stick":51,"minecraft:raw_iron":214,"minecraft:torch":19,"minecraft:porkchop":25,"minecraft:diorite":36,"minecraft:carrot":1,"minecraft:redstone":212,"minecraft:arrow":18,"minecraft:rotten_flesh":27,"minecraft:hay_block":6,"minecraft:obsidian":21,"minecraft:mutton":17,"minecraft:rail":39,"minecraft:white_wool":16,"minecraft:cobblestone":301,"minecraft:birch_log":70,"minecraft:magma_block":1,"minecraft:glow_ink_sac":2,"minecraft:andesite":21,"minecraft:leather":7,"minecraft:golden_leggings":1,"minecraft:flint":2,"minecraft:tuff":36,"minecraft:oak_log":420,"minecraft:gunpowder":1,"minecraft:lapis_lazuli":62,"minecraft:dirt":1047,"minecraft:bone":11,"minecraft:apple":5,"minecraft:bow":2,"minecraft:wheat_seeds":8,"minecraft:raw_gold":39,"minecraft:stone_pickaxe":2,"minecraft:moss_block":5,"minecraft:iron_sword":1,"minecraft:oak_planks":32,"minecraft:smooth_basalt":1,"minecraft:cooked_porkchop":10,"minecraft:gravel":26,"minecraft:sand":70,"minecraft:white_bed":10,"minecraft:spider_eye":1,"minecraft:pumpkin_seeds":2,"minecraft:diamond":9,"minecraft:iron_helmet":1,"minecraft:granite":8,"minecraft:gray_wool":3,"minecraft:bread":3,"minecraft:oak_sapling":76,"minecraft:black_wool":1,"minecraft:coal":157,"minecraft:ender_pearl":1},"minecraft:killed":{"minecraft:cave_spider":2,"minecraft:spider":6,"minecraft:phantom":1,"minecraft:skeleton":15,"minecraft:chicken":2,"minecraft:wolf":1,"minecraft:pig":13,"minecraft:creeper":5,"minecraft:sheep":12,"minecraft:zombie":49,"minecraft:glow_squid":1,"minecraft:enderman":1,"minecraft:cow":9},"minecraft:dropped":{"minecraft:bread":3,"minecraft:wheat_seeds":7,"minecraft:glow_ink_sac":2,"minecraft:leather":1,"minecraft:coal":3,"minecraft:flint":1,"minecraft:dirt":64,"minecraft:gray_wool":2,"minecraft:diorite":10,"minecraft:wooden_axe":1,"minecraft:iron_leggings":1,"minecraft:wooden_sword":2,"minecraft:stone_axe":1,"minecraft:stone_sword":1,"minecraft:cobbled_deepslate":5,"minecraft:tuff":8,"minecraft:birch_sapling":11,"minecraft:rotten_flesh":10,"minecraft:iron_boots":1,"minecraft:andesite":6,"minecraft:oak_sapling":12,"minecraft:wooden_pickaxe":2,"minecraft:arrow":7,"minecraft:stone_pickaxe":3,"minecraft:black_wool":1},"minecraft:crafted":{"minecraft:wooden_sword":1,"minecraft:oak_planks":392,"minecraft:furnace":4,"minecraft:cooked_mutton":15,"minecraft:flint_and_steel":1,"minecraft:iron_boots":1,"minecraft:polished_deepslate":200,"minecraft:iron_axe":4,"minecraft:stone_pickaxe":1,"minecraft:chest":4,"minecraft:rail":96,"minecraft:stone_hoe":1,"minecraft:wheat":54,"minecraft:minecart":1,"minecraft:cooked_beef":12,"minecraft:cooked_porkchop":21,"minecraft:crafting_table":10,"minecraft:wooden_pickaxe":1,"minecraft:iron_helmet":1,"minecraft:iron_sword":4,"minecraft:bucket":1,"minecraft:stone_axe":1,"minecraft:bread":18,"minecraft:air":0,"minecraft:iron_chestplate":1,"minecraft:diamond_pickaxe":1,"minecraft:shield":1,"minecraft:stick":96,"minecraft:iron_ingot":144,"minecraft:iron_pickaxe":3,"minecraft:wooden_axe":1,"minecraft:stone_sword":1,"minecraft:iron_shovel":6,"minecraft:iron_leggings":2,"minecraft:white_bed":3,"minecraft:torch":88},"minecraft:custom":{"minecraft:mob_kills":121,"minecraft:interact_with_crafting_table":52,"minecraft:leave_game":7,"minecraft:time_since_death":52616,"minecraft:climb_one_cm":165,"minecraft:sprint_one_cm":724553,"minecraft:walk_one_cm":717096,"minecraft:damage_blocked_by_shield":670,"minecraft:drop":54,"minecraft:play_time":351594,"minecraft:sneak_time":51034,"minecraft:deaths":3,"minecraft:walk_under_water_one_cm":46603,"minecraft:jump":7665,"minecraft:walk_on_water_one_cm":64268,"minecraft:total_world_time":351594,"minecraft:interact_with_furnace":87,"minecraft:sleep_in_bed":12,"minecraft:time_since_rest":45329,"minecraft:damage_taken":6061,"minecraft:damage_dealt":20078,"minecraft:swim_one_cm":116717,"minecraft:fly_one_cm":1148103,"minecraft:open_chest":52,"minecraft:crouch_one_cm":175990,"minecraft:fall_one_cm":232492},"minecraft:used":{"minecraft:moss_block":5,"minecraft:stone_sword":9,"minecraft:iron_shovel":1133,"minecraft:polished_deepslate":203,"minecraft:flint_and_steel":3,"minecraft:redstone":1,"minecraft:chest":4,"minecraft:shield":23,"minecraft:iron_sword":428,"minecraft:stone_hoe":32,"minecraft:rotten_flesh":12,"minecraft:torch":114,"minecraft:dirt":721,"minecraft:carrot":1,"minecraft:tuff":28,"minecraft:granite":6,"minecraft:obsidian":20,"minecraft:wooden_axe":6,"minecraft:iron_axe":514,"minecraft:light_gray_wool":1,"minecraft:beef":2,"minecraft:furnace":8,"minecraft:cooked_beef":8,"minecraft:cobbled_deepslate":29,"minecraft:calcite":5,"minecraft:cooked_mutton":15,"minecraft:water_bucket":30,"minecraft:diorite":7,"minecraft:oak_planks":74,"minecraft:stone_pickaxe":179,"minecraft:wooden_pickaxe":16,"minecraft:golden_apple":1,"minecraft:rail":96,"minecraft:crafting_table":19,"minecraft:white_bed":12,"minecraft:oak_log":2,"minecraft:diamond_pickaxe":403,"minecraft:apple":5,"minecraft:chicken":2,"minecraft:bread":21,"minecraft:iron_pickaxe":736,"minecraft:gravel":26,"minecraft:stone_axe":64,"minecraft:wooden_sword":24,"minecraft:cobblestone":226,"minecraft:porkchop":3,"minecraft:cooked_porkchop":31,"minecraft:andesite":8,"minecraft:bucket":31,"minecraft:gray_wool":1},"minecraft:broken":{"minecraft:golden_helmet":1,"minecraft:iron_shovel":4,"minecraft:iron_chestplate":1,"minecraft:golden_leggings":1,"minecraft:iron_axe":2,"minecraft:iron_sword":2,"minecraft:iron_pickaxe":2,"minecraft:iron_helmet":1},"minecraft:mined":{"minecraft:tuff":41,"minecraft:white_bed":10,"minecraft:oak_sapling":8,"minecraft:deepslate_diamond_ore":9,"minecraft:sculk_vein":14,"minecraft:obsidian":21,"minecraft:granite":14,"minecraft:budding_amethyst":1,"minecraft:grass_block":553,"minecraft:redstone_wire":1,"minecraft:moss_block":8,"minecraft:hay_block":6,"minecraft:magma_block":1,"minecraft:redstone_ore":9,"minecraft:sculk_catalyst":1,"minecraft:furnace":4,"minecraft:iron_ore":135,"minecraft:cobbled_deepslate":4,"minecraft:fire":2,"minecraft:andesite":18,"minecraft:deepslate_lapis_ore":9,"minecraft:polished_deepslate":3,"minecraft:deepslate_iron_ore":82,"minecraft:dirt_path":2,"minecraft:rail":37,"minecraft:stone":266,"minecraft:deepslate_redstone_ore":38,"minecraft:powder_snow":4,"minecraft:crafting_table":9,"minecraft:torch":6,"minecraft:calcite":7,"minecraft:sculk_sensor":3,"minecraft:tall_grass":6,"minecraft:cobblestone":31,"minecraft:deepslate_gold_ore":38,"minecraft:oak_planks":3,"minecraft:sugar_cane":9,"minecraft:sculk":50,"minecraft:diorite":31,"minecraft:wall_torch":9,"minecraft:amethyst_block":18,"minecraft:birch_sapling":1,"minecraft:birch_log":73,"minecraft:birch_leaves":2,"minecraft:grass":27,"minecraft:oak_log":427,"minecraft:coal_ore":159,"minecraft:dripstone_block":2,"minecraft:gravel":28,"minecraft:sand":81,"minecraft:dirt":457,"minecraft:cobweb":7,"minecraft:smooth_basalt":1,"minecraft:gold_ore":1,"minecraft:deepslate":314,"minecraft:oak_leaves":161}},"DataVersion":3120}