{"stats":{"minecraft:killed_by":{"minecraft:zombified_piglin":1,"minecraft:piglin":1},"minecraft:picked_up":{"minecraft:crafting_table":10,"minecraft:iron_chestplate":1,"minecraft:redstone_block":6,"minecraft:chicken":4,"minecraft:chest_minecart":1,"minecraft:wooden_pickaxe":1,"minecraft:oak_stairs":2,"minecraft:amethyst_block":18,"minecraft:polished_deepslate":4,"minecraft:oak_trapdoor":2,"minecraft:string":12,"minecraft:wooden_sword":1,"minecraft:iron_leggings":1,"minecraft:cobbled_deepslate":325,"minecraft:beef":19,"minecraft:oak_boat":8,"minecraft:lectern":8,"minecraft:calcite":6,"minecraft:light_gray_wool":1,"minecraft:minecart":15,"minecraft:sugar_cane":51,"minecraft:birch_sapling":11,"minecraft:furnace":4,"minecraft:iron_boots":2,"minecraft:egg":6,"minecraft:golden_helmet":2,"minecraft:stick":51,"minecraft:raw_iron":214,"minecraft:oak_door":1,"minecraft:torch":29,"minecraft:porkchop":31,"minecraft:stone_button":1,"minecraft:diorite":36,"minecraft:carrot":1,"minecraft:redstone":219,"minecraft:arrow":18,"minecraft:rotten_flesh":28,"minecraft:hay_block":21,"minecraft:obsidian":21,"minecraft:mutton":17,"minecraft:rail":109,"minecraft:white_wool":16,"minecraft:cobblestone":330,"minecraft:birch_log":76,"minecraft:magma_block":1,"minecraft:feather":2,"minecraft:glow_ink_sac":2,"minecraft:andesite":21,"minecraft:leather":11,"minecraft:golden_leggings":1,"minecraft:flint":2,"minecraft:tuff":36,"minecraft:oak_log":434,"minecraft:cobblestone_stairs":2,"minecraft:gunpowder":1,"minecraft:lapis_lazuli":62,"minecraft:dirt":1377,"minecraft:bone":11,"minecraft:apple":5,"minecraft:bow":2,"minecraft:wheat_seeds":12,"minecraft:raw_gold":39,"minecraft:stone_pickaxe":2,"minecraft:powered_rail":2,"minecraft:moss_block":5,"minecraft:iron_sword":1,"minecraft:oak_planks":38,"minecraft:smooth_basalt":1,"minecraft:cooked_porkchop":10,"minecraft:gravel":26,"minecraft:sand":70,"minecraft:white_bed":10,"minecraft:spider_eye":1,"minecraft:pumpkin_seeds":2,"minecraft:diamond":9,"minecraft:iron_helmet":1,"minecraft:granite":12,"minecraft:gray_wool":3,"minecraft:bread":3,"minecraft:netherrack":62,"minecraft:oak_sapling":76,"minecraft:black_wool":1,"minecraft:coal":157,"minecraft:ender_pearl":1},"minecraft:killed":{"minecraft:cave_spider":2,"minecraft:spider":7,"minecraft:phantom":1,"minecraft:horse":3,"minecraft:skeleton":15,"minecraft:chicken":4,"minecraft:wolf":1,"minecraft:piglin":1,"minecraft:pig":15,"minecraft:creeper":5,"minecraft:sheep":12,"minecraft:zombie":51,"minecraft:glow_squid":1,"minecraft:enderman":1,"minecraft:cow":10},"minecraft:dropped":{"minecraft:iron_ingot":13,"minecraft:bread":3,"minecraft:iron_sword":1,"minecraft:birch_planks":256,"minecraft:wheat_seeds":11,"minecraft:glow_ink_sac":2,"minecraft:feather":2,"minecraft:cobblestone":2,"minecraft:leather":1,"minecraft:cobblestone_stairs":1,"minecraft:coal":3,"minecraft:flint":1,"minecraft:dirt":64,"minecraft:gray_wool":2,"minecraft:diorite":10,"minecraft:wooden_axe":1,"minecraft:iron_leggings":1,"minecraft:wooden_sword":2,"minecraft:iron_axe":1,"minecraft:iron_pickaxe":1,"minecraft:iron_shovel":1,"minecraft:stone_axe":1,"minecraft:oak_trapdoor":1,"minecraft:stone_sword":1,"minecraft:cobbled_deepslate":5,"minecraft:tuff":8,"minecraft:birch_sapling":11,"minecraft:rotten_flesh":11,"minecraft:oak_planks":570,"minecraft:iron_boots":2,"minecraft:andesite":6,"minecraft:oak_sapling":12,"minecraft:wooden_pickaxe":2,"minecraft:arrow":7,"minecraft:stone_pickaxe":3,"minecraft:black_wool":1},"minecraft:crafted":{"minecraft:redstone":9,"minecraft:wooden_sword":1,"minecraft:oak_planks":976,"minecraft:oak_sign":3,"minecraft:furnace":4,"minecraft:stone_button":6,"minecraft:stone":6,"minecraft:oak_trapdoor":2,"minecraft:bookshelf":1,"minecraft:cooked_mutton":17,"minecraft:flint_and_steel":1,"minecraft:iron_boots":1,"minecraft:polished_deepslate":280,"minecraft:iron_axe":5,"minecraft:stone_pickaxe":1,"minecraft:chest":4,"minecraft:redstone_block":14,"minecraft:rail":128,"minecraft:stone_hoe":1,"minecraft:wheat":189,"minecraft:minecart":4,"minecraft:cooked_beef":12,"minecraft:oak_slab":6,"minecraft:cooked_porkchop":21,"minecraft:crafting_table":14,"minecraft:powered_rail":18,"minecraft:wooden_pickaxe":1,"minecraft:iron_helmet":1,"minecraft:iron_sword":5,"minecraft:bucket":1,"minecraft:birch_planks":280,"minecraft:stone_axe":1,"minecraft:bread":63,"minecraft:air":0,"minecraft:oak_boat":1,"minecraft:lectern":1,"minecraft:book":3,"minecraft:paper":9,"minecraft:iron_chestplate":1,"minecraft:diamond_pickaxe":1,"minecraft:shield":1,"minecraft:stick":144,"minecraft:iron_ingot":192,"minecraft:iron_pickaxe":4,"minecraft:wooden_axe":1,"minecraft:iron_block":3,"minecraft:stone_sword":1,"minecraft:gold_ingot":33,"minecraft:iron_shovel":8,"minecraft:iron_leggings":2,"minecraft:anvil":1,"minecraft:white_bed":3,"minecraft:torch":88},"minecraft:custom":{"minecraft:interact_with_anvil":1,"minecraft:mob_kills":133,"minecraft:interact_with_crafting_table":84,"minecraft:bell_ring":4,"minecraft:leave_game":7,"minecraft:time_since_death":57982,"minecraft:climb_one_cm":165,"minecraft:sprint_one_cm":891775,"minecraft:walk_one_cm":1026646,"minecraft:damage_blocked_by_shield":670,"minecraft:drop":82,"minecraft:talked_to_villager":17,"minecraft:play_time":441594,"minecraft:sneak_time":58597,"minecraft:deaths":5,"minecraft:walk_under_water_one_cm":53355,"minecraft:boat_one_cm":6981,"minecraft:jump":9501,"minecraft:walk_on_water_one_cm":67965,"minecraft:total_world_time":441594,"minecraft:interact_with_furnace":106,"minecraft:sleep_in_bed":16,"minecraft:time_since_rest":5105,"minecraft:damage_taken":6990,"minecraft:minecart_one_cm":16928,"minecraft:damage_dealt":21928,"minecraft:swim_one_cm":125978,"minecraft:fly_one_cm":1444776,"minecraft:open_chest":124,"minecraft:crouch_one_cm":204850,"minecraft:fall_one_cm":272717},"minecraft:used":{"minecraft:oak_trapdoor":3,"minecraft:moss_block":5,"minecraft:stone_sword":9,"minecraft:iron_shovel":1475,"minecraft:polished_deepslate":284,"minecraft:flint_and_steel":4,"minecraft:redstone":8,"minecraft:oak_sign":1,"minecraft:chest":4,"minecraft:shield":23,"minecraft:iron_sword":467,"minecraft:netherrack":52,"minecraft:stone_hoe":32,"minecraft:rotten_flesh":12,"minecraft:torch":133,"minecraft:dirt":958,"minecraft:anvil":1,"minecraft:carrot":1,"minecraft:tuff":28,"minecraft:granite":10,"minecraft:obsidian":20,"minecraft:wooden_axe":6,"minecraft:oak_stairs":1,"minecraft:iron_axe":556,"minecraft:light_gray_wool":1,"minecraft:beef":2,"minecraft:furnace":8,"minecraft:minecart":15,"minecraft:cooked_beef":8,"minecraft:cobbled_deepslate":29,"minecraft:calcite":5,"minecraft:cooked_mutton":17,"minecraft:water_bucket":35,"minecraft:diorite":7,"minecraft:powered_rail":25,"minecraft:oak_planks":121,"minecraft:stone_pickaxe":179,"minecraft:wooden_pickaxe":16,"minecraft:redstone_block":15,"minecraft:golden_apple":1,"minecraft:rail":229,"minecraft:crafting_table":23,"minecraft:white_bed":13,"minecraft:oak_log":2,"minecraft:diamond_pickaxe":607,"minecraft:apple":5,"minecraft:chicken":2,"minecraft:bread":34,"minecraft:stone_button":2,"minecraft:iron_pickaxe":736,"minecraft:lectern":9,"minecraft:gravel":26,"minecraft:stone_axe":64,"minecraft:wooden_sword":24,"minecraft:cobblestone":247,"minecraft:porkchop":3,"minecraft:cooked_porkchop":31,"minecraft:andesite":12,"minecraft:bucket":36,"minecraft:oak_boat":9,"minecraft:gray_wool":1},"minecraft:broken":{"minecraft:golden_helmet":1,"minecraft:iron_shovel":5,"minecraft:iron_chestplate":1,"minecraft:golden_leggings":1,"minecraft:iron_axe":2,"minecraft:iron_sword":2,"minecraft:iron_pickaxe":2,"minecraft:iron_helmet":1},"minecraft:mined":{"minecraft:tuff":41,"minecraft:white_bed":10,"minecraft:oak_sapling":8,"minecraft:deepslate_diamond_ore":9,"minecraft:oak_door":1,"minecraft:cobblestone_stairs":1,"minecraft:sculk_vein":14,"minecraft:obsidian":21,"minecraft:granite":18,"minecraft:budding_amethyst":1,"minecraft:stone_button":1,"minecraft:grass_block":682,"minecraft:redstone_wire":8,"minecraft:moss_block":8,"minecraft:hay_block":21,"minecraft:magma_block":1,"minecraft:redstone_ore":9,"minecraft:oak_trapdoor":2,"minecraft:sculk_catalyst":1,"minecraft:furnace":4,"minecraft:iron_ore":135,"minecraft:cobbled_deepslate":4,"minecraft:fire":19,"minecraft:andesite":18,"minecraft:deepslate_lapis_ore":9,"minecraft:polished_deepslate":4,"minecraft:deepslate_iron_ore":82,"minecraft:dirt_path":2,"minecraft:rail":107,"minecraft:oak_stairs":2,"minecraft:stone":298,"minecraft:deepslate_redstone_ore":38,"minecraft:redstone_block":7,"minecraft:powder_snow":4,"minecraft:crafting_table":9,"minecraft:torch":14,"minecraft:calcite":7,"minecraft:sculk_sensor":3,"minecraft:lectern":8,"minecraft:tall_grass":8,"minecraft:cobblestone":31,"minecraft:deepslate_gold_ore":38,"minecraft:oak_planks":9,"minecraft:sugar_cane":26,"minecraft:sculk":50,"minecraft:diorite":31,"minecraft:wall_torch":12,"minecraft:amethyst_block":18,"minecraft:birch_sapling":1,"minecraft:powered_rail":2,"minecraft:birch_log":79,"minecraft:birch_leaves":2,"minecraft:grass":40,"minecraft:oak_log":441,"minecraft:coal_ore":159,"minecraft:dripstone_block":2,"minecraft:gravel":28,"minecraft:sand":81,"minecraft:dirt":689,"minecraft:cobweb":7,"minecraft:smooth_basalt":1,"minecraft:netherrack":66,"minecraft:gold_ore":1,"minecraft:deepslate":314,"minecraft:oak_leaves":161}},"DataVersion":3120}