{"stats":{"minecraft:picked_up":{"minecraft:wheat":71,"minecraft:lead":2,"minecraft:oak_stairs":10,"minecraft:enchanted_book":1,"minecraft:string":9,"minecraft:soul_soil":29,"minecraft:shroomlight":1,"minecraft:gold_nugget":341,"minecraft:cobbled_deepslate":436,"minecraft:rose_bush":1,"minecraft:cobblestone_slab":5,"minecraft:azalea":8,"minecraft:furnace":18,"minecraft:stick":36,"minecraft:oak_fence":30,"minecraft:torch":12,"minecraft:porkchop":68,"minecraft:diorite":1,"minecraft:stone_sword":1,"minecraft:rotten_flesh":65,"minecraft:obsidian":14,"minecraft:cobblestone":1447,"minecraft:birch_log":2,"minecraft:magma_block":2,"minecraft:feather":13,"minecraft:cooked_beef":24,"minecraft:jungle_log":185,"minecraft:flint":10,"minecraft:tuff":226,"minecraft:dirt":344,"minecraft:bone":53,"minecraft:bow":2,"minecraft:wheat_seeds":248,"minecraft:raw_gold":4,"minecraft:bell":2,"minecraft:fletching_table":2,"minecraft:moss_block":64,"minecraft:oak_planks":145,"minecraft:mossy_stone_brick_stairs":2,"minecraft:cooked_porkchop":2,"minecraft:sugar":2,"minecraft:diamond":53,"minecraft:granite":5,"minecraft:bone_meal":6,"minecraft:oak_sapling":74,"minecraft:netherrack":1199,"minecraft:cocoa_beans":21,"minecraft:crafting_table":19,"minecraft:chicken":16,"minecraft:pink_wool":1,"minecraft:wooden_pickaxe":2,"minecraft:cornflower":2,"minecraft:moss_carpet":16,"minecraft:flint_and_steel":1,"minecraft:white_carpet":2,"minecraft:blackstone":42,"minecraft:beef":52,"minecraft:oak_boat":10,"minecraft:jungle_sapling":1,"minecraft:light_gray_wool":1,"minecraft:lectern":38,"minecraft:sugar_cane":155,"minecraft:chest":5,"minecraft:birch_sapling":2,"minecraft:egg":9,"minecraft:raw_iron":128,"minecraft:oak_door":4,"minecraft:copper_ingot":1,"minecraft:carrot":2,"minecraft:redstone":39,"minecraft:arrow":25,"minecraft:hay_block":21,"minecraft:mutton":91,"minecraft:white_wool":72,"minecraft:leather":31,"minecraft:oak_log":530,"minecraft:ancient_debris":32,"minecraft:nether_wart_block":2,"minecraft:yellow_bed":4,"minecraft:cooked_mutton":2,"minecraft:apple":3,"minecraft:iron_ingot":4,"minecraft:stone_pickaxe":3,"minecraft:iron_sword":2,"minecraft:soul_sand":20,"minecraft:quartz":313,"minecraft:dandelion":4,"minecraft:gravel":109,"minecraft:white_bed":13,"minecraft:crying_obsidian":3,"minecraft:spider_eye":3,"minecraft:stripped_jungle_log":1,"minecraft:diamond_axe":1,"minecraft:gray_wool":3,"minecraft:black_wool":5,"minecraft:coal":353},"minecraft:killed":{"minecraft:spider":6,"minecraft:skeleton":27,"minecraft:chicken":9,"minecraft:pig":22,"minecraft:salmon":1,"minecraft:creeper":3,"minecraft:sheep":63,"minecraft:trader_llama":2,"minecraft:pillager":2,"minecraft:zombie":48,"minecraft:cow":25,"minecraft:horse":2,"minecraft:drowned":2,"minecraft:wandering_trader":1},"minecraft:dropped":{"minecraft:iron_sword":2,"minecraft:porkchop":7,"minecraft:diamond_axe":1,"minecraft:oak_log":7,"minecraft:crafting_table":1,"minecraft:cooked_porkchop":11,"minecraft:leather":1,"minecraft:mossy_stone_brick_stairs":1,"minecraft:flint":1,"minecraft:dirt":21,"minecraft:cornflower":2,"minecraft:mutton":2,"minecraft:wooden_sword":1,"minecraft:gold_nugget":8,"minecraft:bone_meal":6,"minecraft:sugar":2,"minecraft:white_wool":8,"minecraft:bone":19,"minecraft:oak_door":2,"minecraft:gravel":48,"minecraft:stone_axe":1,"minecraft:sugar_cane":3,"minecraft:cobbled_deepslate":2,"minecraft:wheat":2,"minecraft:rotten_flesh":54,"minecraft:oak_planks":15,"minecraft:cooked_mutton":3,"minecraft:white_bed":3,"minecraft:carrot":2,"minecraft:leather_boots":1,"minecraft:arrow":4,"minecraft:crying_obsidian":2,"minecraft:netherrack":1,"minecraft:egg":2,"minecraft:iron_ingot":16,"minecraft:bread":83,"minecraft:oak_slab":2,"minecraft:wheat_seeds":22,"minecraft:golden_helmet":2,"minecraft:iron_helmet":1,"minecraft:oak_fence":30,"minecraft:feather":13,"minecraft:cobblestone":1,"minecraft:granite":2,"minecraft:stick":7,"minecraft:gray_wool":1,"minecraft:diorite":1,"minecraft:golden_carrot":1,"minecraft:torch":6,"minecraft:wooden_axe":1,"minecraft:iron_leggings":1,"minecraft:iron_shovel":1,"minecraft:string":6,"minecraft:dandelion":3,"minecraft:furnace":1,"minecraft:stone_sword":3,"minecraft:cocoa_beans":15,"minecraft:raw_iron":1,"minecraft:stone_shovel":1,"minecraft:light_gray_wool":1,"minecraft:iron_boots":2,"minecraft:cobblestone_slab":5,"minecraft:shield":2,"minecraft:iron_chestplate":1,"minecraft:pink_wool":1,"minecraft:oak_sapling":2,"minecraft:golden_leggings":1,"minecraft:oak_boat":1,"minecraft:spider_eye":2,"minecraft:bow":2,"minecraft:stone_pickaxe":3,"minecraft:wooden_pickaxe":4,"minecraft:black_wool":1},"minecraft:crafted":{"minecraft:smooth_stone":105,"minecraft:oak_planks":1884,"minecraft:cobblestone_slab":24,"minecraft:cooked_chicken":8,"minecraft:stone":777,"minecraft:bookshelf":3,"minecraft:cooked_mutton":83,"minecraft:quartz_block":48,"minecraft:hopper":1,"minecraft:diamond_helmet":1,"minecraft:netherite_boots":1,"minecraft:diamond_leggings":1,"minecraft:iron_boots":2,"minecraft:chest":8,"minecraft:netherite_helmet":1,"minecraft:oak_slab":6,"minecraft:emerald":119,"minecraft:cooked_porkchop":40,"minecraft:diamond_axe":1,"minecraft:crafting_table":5,"minecraft:wooden_pickaxe":2,"minecraft:iron_helmet":1,"minecraft:smithing_table":1,"minecraft:fletching_table":2,"minecraft:birch_planks":8,"minecraft:lectern":3,"minecraft:iron_chestplate":1,"minecraft:book":21,"minecraft:paper":63,"minecraft:diamond_pickaxe":3,"minecraft:shield":3,"minecraft:stick":3806,"minecraft:iron_ingot":113,"minecraft:iron_pickaxe":3,"minecraft:iron_block":3,"minecraft:stone_sword":2,"minecraft:gold_ingot":40,"minecraft:netherite_ingot":7,"minecraft:wooden_sword":1,"minecraft:oak_door":3,"minecraft:stone_shovel":1,"minecraft:netherite_sword":1,"minecraft:leather_boots":1,"minecraft:furnace":13,"minecraft:bone_meal":60,"minecraft:white_carpet":6,"minecraft:netherite_chestplate":1,"minecraft:netherite_axe":1,"minecraft:netherite_leggings":1,"minecraft:iron_axe":1,"minecraft:iron_hoe":1,"minecraft:stone_pickaxe":4,"minecraft:diamond_boots":1,"minecraft:netherite_scrap":30,"minecraft:wheat":189,"minecraft:cooked_beef":24,"minecraft:sugar":1,"minecraft:netherite_pickaxe":1,"minecraft:diamond_sword":1,"minecraft:iron_sword":3,"minecraft:bucket":2,"minecraft:stone_axe":3,"minecraft:enchanted_book":7,"minecraft:jungle_slab":12,"minecraft:bread":83,"minecraft:air":0,"minecraft:jungle_planks":700,"minecraft:oak_boat":1,"minecraft:wooden_axe":1,"minecraft:oak_stairs":80,"minecraft:iron_shovel":1,"minecraft:iron_leggings":1,"minecraft:stonecutter":1,"minecraft:anvil":1,"minecraft:white_bed":6,"minecraft:diamond_chestplate":1},"minecraft:custom":{"minecraft:animals_bred":3,"minecraft:interact_with_crafting_table":135,"minecraft:bell_ring":15,"minecraft:leave_game":17,"minecraft:time_since_death":61981,"minecraft:sprint_one_cm":1590140,"minecraft:damage_blocked_by_shield":585,"minecraft:drop":248,"minecraft:talked_to_villager":84,"minecraft:play_time":615561,"minecraft:deaths":1,"minecraft:jump":13135,"minecraft:walk_on_water_one_cm":68498,"minecraft:interact_with_furnace":304,"minecraft:traded_with_villager":126,"minecraft:sleep_in_bed":30,"minecraft:damage_dealt":29183,"minecraft:crouch_one_cm":51825,"minecraft:horse_one_cm":763,"minecraft:interact_with_smithing_table":2,"minecraft:mob_kills":216,"minecraft:interact_with_anvil":8,"minecraft:climb_one_cm":10675,"minecraft:walk_one_cm":1342141,"minecraft:sneak_time":21633,"minecraft:walk_under_water_one_cm":31054,"minecraft:boat_one_cm":340058,"minecraft:total_world_time":615561,"minecraft:interact_with_stonecutter":3,"minecraft:time_since_rest":6639,"minecraft:damage_taken":9327,"minecraft:swim_one_cm":219024,"minecraft:fly_one_cm":2579871,"minecraft:open_chest":100,"minecraft:fall_one_cm":429031},"minecraft:used":{"minecraft:iron_shovel":214,"minecraft:chest":12,"minecraft:shield":16,"minecraft:stone":1,"minecraft:iron_sword":294,"minecraft:bell":2,"minecraft:iron_chestplate":1,"minecraft:carrot":3,"minecraft:tuff":151,"minecraft:obsidian":19,"minecraft:jungle_sapling":1,"minecraft:lava_bucket":2,"minecraft:birch_sapling":2,"minecraft:magma_block":2,"minecraft:furnace":30,"minecraft:oak_sapling":73,"minecraft:egg":6,"minecraft:stone_pickaxe":101,"minecraft:oak_planks":410,"minecraft:wooden_pickaxe":24,"minecraft:sugar_cane":41,"minecraft:diamond_axe":751,"minecraft:crying_obsidian":1,"minecraft:lectern":41,"minecraft:diamond_sword":145,"minecraft:wooden_sword":9,"minecraft:smithing_table":1,"minecraft:oak_boat":9,"minecraft:bone_meal":62,"minecraft:experience_bottle":1,"minecraft:netherite_sword":12,"minecraft:rose_bush":1,"minecraft:stone_sword":35,"minecraft:flint_and_steel":5,"minecraft:stone_shovel":131,"minecraft:cooked_chicken":2,"minecraft:netherrack":306,"minecraft:oak_door":5,"minecraft:torch":6,"minecraft:dirt":222,"minecraft:anvil":1,"minecraft:white_carpet":8,"minecraft:hopper":1,"minecraft:granite":2,"minecraft:shroomlight":1,"minecraft:iron_hoe":115,"minecraft:iron_axe":223,"minecraft:oak_stairs":72,"minecraft:jungle_log":11,"minecraft:iron_boots":1,"minecraft:golden_carrot":6,"minecraft:netherite_pickaxe":549,"minecraft:cooked_beef":36,"minecraft:cobbled_deepslate":296,"minecraft:wheat_seeds":145,"minecraft:cooked_mutton":75,"minecraft:water_bucket":17,"minecraft:stonecutter":1,"minecraft:fletching_table":4,"minecraft:cobblestone_slab":24,"minecraft:crafting_table":23,"minecraft:white_bed":16,"minecraft:oak_log":52,"minecraft:diamond_pickaxe":3301,"minecraft:apple":3,"minecraft:iron_pickaxe":747,"minecraft:netherite_axe":135,"minecraft:stone_axe":252,"minecraft:cobblestone":166,"minecraft:cooked_porkchop":31,"minecraft:bucket":21,"minecraft:yellow_bed":4,"minecraft:dandelion":1},"minecraft:broken":{"minecraft:stone_pickaxe":1,"minecraft:stone_axe":1,"minecraft:iron_axe":1,"minecraft:iron_pickaxe":3},"minecraft:mined":{"minecraft:white_bed":11,"minecraft:oak_sapling":3,"minecraft:jungle_leaves":12,"minecraft:obsidian":15,"minecraft:granite":4,"minecraft:grass_block":172,"minecraft:jungle_log":186,"minecraft:soul_soil":34,"minecraft:magma_block":5,"minecraft:iron_ore":73,"minecraft:cobbled_deepslate":72,"minecraft:fire":23,"minecraft:moss_carpet":6,"minecraft:fletching_table":2,"minecraft:dirt_path":1,"minecraft:oak_stairs":10,"minecraft:azalea":1,"minecraft:deepslate_redstone_ore":10,"minecraft:blackstone":42,"minecraft:powder_snow":1,"minecraft:chest":5,"minecraft:nether_quartz_ore":321,"minecraft:cobblestone":8,"minecraft:sugar_cane":92,"minecraft:oak_planks":106,"minecraft:wall_torch":4,"minecraft:seagrass":2,"minecraft:warped_nylium":10,"minecraft:nether_wart_block":2,"minecraft:birch_log":2,"minecraft:wheat":74,"minecraft:grass":316,"minecraft:oak_log":530,"minecraft:dirt":140,"minecraft:netherrack":1490,"minecraft:ancient_debris":32,"minecraft:oak_leaves":178,"minecraft:deepslate":373,"minecraft:nether_gold_ore":89,"minecraft:diamond_ore":1,"minecraft:crying_obsidian":1,"minecraft:tuff":231,"minecraft:deepslate_diamond_ore":51,"minecraft:oak_door":3,"minecraft:glow_lichen":1,"minecraft:moss_block":84,"minecraft:hay_block":21,"minecraft:furnace":16,"minecraft:andesite":1,"minecraft:bell":2,"minecraft:mossy_stone_brick_stairs":1,"minecraft:deepslate_iron_ore":48,"minecraft:shroomlight":1,"minecraft:cobblestone_slab":6,"minecraft:vine":70,"minecraft:stripped_jungle_log":1,"minecraft:stone":1446,"minecraft:flowering_azalea":2,"minecraft:soul_sand":21,"minecraft:dandelion":2,"minecraft:oak_fence":9,"minecraft:crafting_table":20,"minecraft:rose_bush":1,"minecraft:lectern":38,"minecraft:tall_grass":59,"minecraft:deepslate_gold_ore":2,"minecraft:diorite":3,"minecraft:white_carpet":2,"minecraft:birch_leaves":3,"minecraft:yellow_bed":4,"minecraft:coal_ore":256,"minecraft:gravel":84,"minecraft:fern":14}},"DataVersion":3120}