{"stats":{"minecraft:picked_up":{"minecraft:crafting_table":16,"minecraft:chicken":16,"minecraft:wooden_pickaxe":2,"minecraft:pink_wool":1,"minecraft:oak_stairs":10,"minecraft:enchanted_book":1,"minecraft:cornflower":2,"minecraft:string":1,"minecraft:flint_and_steel":1,"minecraft:cobbled_deepslate":28,"minecraft:beef":19,"minecraft:oak_boat":6,"minecraft:rose_bush":1,"minecraft:light_gray_wool":1,"minecraft:sugar_cane":2,"minecraft:chest":4,"minecraft:birch_sapling":1,"minecraft:furnace":14,"minecraft:egg":4,"minecraft:stick":14,"minecraft:raw_iron":70,"minecraft:oak_door":4,"minecraft:torch":2,"minecraft:porkchop":57,"minecraft:diorite":1,"minecraft:carrot":2,"minecraft:stone_sword":1,"minecraft:arrow":16,"minecraft:rotten_flesh":42,"minecraft:mutton":62,"minecraft:white_wool":48,"minecraft:cobblestone":230,"minecraft:feather":13,"minecraft:jungle_log":33,"minecraft:leather":13,"minecraft:flint":1,"minecraft:oak_log":172,"minecraft:dirt":149,"minecraft:cooked_mutton":1,"minecraft:bone":43,"minecraft:apple":3,"minecraft:bow":1,"minecraft:wheat_seeds":12,"minecraft:raw_gold":4,"minecraft:stone_pickaxe":3,"minecraft:iron_ingot":4,"minecraft:iron_sword":2,"minecraft:oak_planks":90,"minecraft:cooked_porkchop":2,"minecraft:dandelion":1,"minecraft:gravel":22,"minecraft:white_bed":12,"minecraft:spider_eye":1,"minecraft:stripped_jungle_log":1,"minecraft:diamond":2,"minecraft:granite":4,"minecraft:gray_wool":3,"minecraft:oak_sapling":25,"minecraft:netherrack":1,"minecraft:black_wool":5,"minecraft:coal":107},"minecraft:killed":{"minecraft:spider":2,"minecraft:skeleton":14,"minecraft:chicken":9,"minecraft:pig":14,"minecraft:salmon":1,"minecraft:creeper":2,"minecraft:sheep":40,"minecraft:pillager":2,"minecraft:zombie":27,"minecraft:cow":9},"minecraft:dropped":{"minecraft:iron_ingot":16,"minecraft:iron_sword":2,"minecraft:porkchop":6,"minecraft:wheat_seeds":7,"minecraft:golden_helmet":2,"minecraft:oak_log":7,"minecraft:cooked_porkchop":11,"minecraft:feather":13,"minecraft:cobblestone":1,"minecraft:leather":1,"minecraft:granite":2,"minecraft:flint":1,"minecraft:stick":5,"minecraft:dirt":8,"minecraft:gray_wool":1,"minecraft:diorite":1,"minecraft:golden_carrot":1,"minecraft:torch":2,"minecraft:cornflower":2,"minecraft:mutton":2,"minecraft:wooden_axe":1,"minecraft:wooden_sword":1,"minecraft:white_wool":7,"minecraft:bone":16,"minecraft:oak_door":1,"minecraft:gravel":22,"minecraft:furnace":1,"minecraft:sugar_cane":2,"minecraft:stone_sword":3,"minecraft:cobbled_deepslate":2,"minecraft:raw_iron":1,"minecraft:rotten_flesh":38,"minecraft:light_gray_wool":1,"minecraft:oak_planks":15,"minecraft:iron_boots":1,"minecraft:cooked_mutton":2,"minecraft:white_bed":3,"minecraft:carrot":2,"minecraft:shield":2,"minecraft:pink_wool":1,"minecraft:leather_boots":1,"minecraft:golden_leggings":1,"minecraft:oak_sapling":2,"minecraft:bow":1,"minecraft:wooden_pickaxe":4,"minecraft:stone_pickaxe":3,"minecraft:netherrack":1,"minecraft:black_wool":1},"minecraft:crafted":{"minecraft:wooden_sword":1,"minecraft:oak_door":3,"minecraft:oak_planks":540,"minecraft:stone_shovel":1,"minecraft:leather_boots":1,"minecraft:cooked_chicken":2,"minecraft:furnace":3,"minecraft:bone_meal":21,"minecraft:cooked_mutton":36,"minecraft:iron_boots":2,"minecraft:iron_axe":1,"minecraft:stone_pickaxe":4,"minecraft:chest":2,"minecraft:cooked_beef":7,"minecraft:cooked_porkchop":24,"minecraft:crafting_table":2,"minecraft:wooden_pickaxe":2,"minecraft:iron_helmet":1,"minecraft:iron_sword":2,"minecraft:stone_axe":3,"minecraft:air":0,"minecraft:jungle_planks":136,"minecraft:oak_boat":1,"minecraft:iron_chestplate":1,"minecraft:shield":3,"minecraft:stick":48,"minecraft:iron_ingot":56,"minecraft:iron_pickaxe":2,"minecraft:oak_stairs":80,"minecraft:wooden_axe":1,"minecraft:stone_sword":2,"minecraft:iron_leggings":1,"minecraft:white_bed":3},"minecraft:custom":{"minecraft:mob_kills":122,"minecraft:interact_with_crafting_table":39,"minecraft:leave_game":3,"minecraft:time_since_death":186583,"minecraft:climb_one_cm":1888,"minecraft:sprint_one_cm":648710,"minecraft:walk_one_cm":415660,"minecraft:damage_blocked_by_shield":95,"minecraft:drop":88,"minecraft:talked_to_villager":1,"minecraft:play_time":186583,"minecraft:sneak_time":2662,"minecraft:walk_under_water_one_cm":9586,"minecraft:boat_one_cm":259572,"minecraft:jump":5111,"minecraft:walk_on_water_one_cm":26372,"minecraft:total_world_time":186583,"minecraft:interact_with_furnace":120,"minecraft:sleep_in_bed":12,"minecraft:time_since_rest":26597,"minecraft:damage_taken":3561,"minecraft:damage_dealt":15417,"minecraft:swim_one_cm":71658,"minecraft:fly_one_cm":1066968,"minecraft:open_chest":9,"minecraft:crouch_one_cm":5807,"minecraft:fall_one_cm":189749,"minecraft:horse_one_cm":763},"minecraft:used":{"minecraft:stone_sword":35,"minecraft:rose_bush":1,"minecraft:flint_and_steel":1,"minecraft:stone_shovel":131,"minecraft:chest":6,"minecraft:shield":3,"minecraft:iron_sword":189,"minecraft:cooked_chicken":2,"minecraft:iron_chestplate":1,"minecraft:oak_door":5,"minecraft:dirt":139,"minecraft:carrot":3,"minecraft:granite":2,"minecraft:obsidian":3,"minecraft:iron_axe":223,"minecraft:oak_stairs":72,"minecraft:birch_sapling":1,"minecraft:iron_boots":1,"minecraft:golden_carrot":6,"minecraft:oak_sapling":21,"minecraft:furnace":16,"minecraft:egg":4,"minecraft:cooked_beef":7,"minecraft:cobbled_deepslate":9,"minecraft:cooked_mutton":29,"minecraft:oak_planks":290,"minecraft:stone_pickaxe":46,"minecraft:wooden_pickaxe":24,"minecraft:crafting_table":17,"minecraft:white_bed":11,"minecraft:oak_log":30,"minecraft:apple":3,"minecraft:iron_pickaxe":326,"minecraft:stone_axe":249,"minecraft:wooden_sword":9,"minecraft:cobblestone":141,"minecraft:cooked_porkchop":14,"minecraft:oak_boat":6,"minecraft:dandelion":1,"minecraft:bone_meal":7,"minecraft:experience_bottle":1},"minecraft:broken":{"minecraft:iron_axe":1,"minecraft:stone_axe":1,"minecraft:iron_pickaxe":1},"minecraft:mined":{"minecraft:diamond_ore":1,"minecraft:white_bed":10,"minecraft:oak_door":3,"minecraft:jungle_leaves":4,"minecraft:granite":3,"minecraft:grass_block":102,"minecraft:jungle_log":34,"minecraft:furnace":12,"minecraft:iron_ore":23,"minecraft:fire":1,"minecraft:deepslate_iron_ore":39,"minecraft:vine":16,"minecraft:oak_stairs":10,"minecraft:stripped_jungle_log":1,"minecraft:stone":227,"minecraft:dandelion":2,"minecraft:powder_snow":1,"minecraft:crafting_table":17,"minecraft:chest":4,"minecraft:rose_bush":1,"minecraft:tall_grass":7,"minecraft:cobblestone":5,"minecraft:deepslate_gold_ore":2,"minecraft:sugar_cane":1,"minecraft:oak_planks":89,"minecraft:diorite":1,"minecraft:birch_leaves":3,"minecraft:grass":101,"minecraft:oak_log":171,"minecraft:coal_ore":43,"minecraft:dirt":30,"minecraft:netherrack":1,"minecraft:oak_leaves":45,"minecraft:deepslate":27,"minecraft:fern":5}},"DataVersion":3120}