{"stats":{"minecraft:picked_up":{"minecraft:wheat":26,"minecraft:lead":2,"minecraft:oak_stairs":10,"minecraft:enchanted_book":1,"minecraft:string":9,"minecraft:shroomlight":1,"minecraft:gold_nugget":110,"minecraft:cobbled_deepslate":337,"minecraft:rose_bush":1,"minecraft:cobblestone_slab":5,"minecraft:azalea":8,"minecraft:furnace":17,"minecraft:stick":22,"minecraft:oak_fence":30,"minecraft:torch":9,"minecraft:porkchop":67,"minecraft:diorite":1,"minecraft:stone_sword":1,"minecraft:rotten_flesh":61,"minecraft:obsidian":12,"minecraft:cobblestone":277,"minecraft:birch_log":2,"minecraft:magma_block":2,"minecraft:feather":13,"minecraft:cooked_beef":13,"minecraft:jungle_log":108,"minecraft:flint":10,"minecraft:tuff":226,"minecraft:dirt":336,"minecraft:bone":52,"minecraft:bow":1,"minecraft:wheat_seeds":129,"minecraft:raw_gold":4,"minecraft:bell":2,"minecraft:fletching_table":2,"minecraft:moss_block":64,"minecraft:oak_planks":139,"minecraft:mossy_stone_brick_stairs":1,"minecraft:cooked_porkchop":2,"minecraft:sugar":2,"minecraft:diamond":53,"minecraft:granite":4,"minecraft:bone_meal":6,"minecraft:oak_sapling":47,"minecraft:netherrack":529,"minecraft:cocoa_beans":9,"minecraft:crafting_table":19,"minecraft:chicken":16,"minecraft:pink_wool":1,"minecraft:wooden_pickaxe":2,"minecraft:cornflower":2,"minecraft:moss_carpet":16,"minecraft:flint_and_steel":1,"minecraft:white_carpet":2,"minecraft:blackstone":11,"minecraft:beef":50,"minecraft:oak_boat":10,"minecraft:jungle_sapling":1,"minecraft:light_gray_wool":1,"minecraft:lectern":26,"minecraft:sugar_cane":106,"minecraft:chest":4,"minecraft:birch_sapling":2,"minecraft:egg":6,"minecraft:raw_iron":125,"minecraft:oak_door":4,"minecraft:copper_ingot":1,"minecraft:carrot":2,"minecraft:redstone":26,"minecraft:arrow":25,"minecraft:hay_block":21,"minecraft:mutton":84,"minecraft:white_wool":66,"minecraft:leather":30,"minecraft:oak_log":359,"minecraft:ancient_debris":2,"minecraft:nether_wart_block":2,"minecraft:yellow_bed":4,"minecraft:cooked_mutton":2,"minecraft:apple":3,"minecraft:iron_ingot":4,"minecraft:stone_pickaxe":3,"minecraft:iron_sword":2,"minecraft:soul_sand":4,"minecraft:quartz":77,"minecraft:dandelion":4,"minecraft:gravel":85,"minecraft:white_bed":13,"minecraft:crying_obsidian":3,"minecraft:spider_eye":3,"minecraft:stripped_jungle_log":1,"minecraft:diamond_axe":1,"minecraft:gray_wool":3,"minecraft:black_wool":5,"minecraft:coal":157},"minecraft:killed":{"minecraft:spider":6,"minecraft:skeleton":26,"minecraft:chicken":9,"minecraft:pig":21,"minecraft:salmon":1,"minecraft:creeper":3,"minecraft:sheep":57,"minecraft:trader_llama":2,"minecraft:pillager":2,"minecraft:zombie":41,"minecraft:cow":24,"minecraft:horse":2,"minecraft:drowned":2,"minecraft:wandering_trader":1},"minecraft:dropped":{"minecraft:iron_sword":2,"minecraft:porkchop":6,"minecraft:diamond_axe":1,"minecraft:oak_log":7,"minecraft:crafting_table":1,"minecraft:cooked_porkchop":11,"minecraft:leather":1,"minecraft:flint":1,"minecraft:dirt":16,"minecraft:cornflower":2,"minecraft:mutton":2,"minecraft:wooden_sword":1,"minecraft:gold_nugget":2,"minecraft:bone_meal":6,"minecraft:sugar":2,"minecraft:white_wool":8,"minecraft:bone":18,"minecraft:oak_door":2,"minecraft:gravel":24,"minecraft:stone_axe":1,"minecraft:sugar_cane":3,"minecraft:cobbled_deepslate":2,"minecraft:wheat":2,"minecraft:rotten_flesh":54,"minecraft:oak_planks":15,"minecraft:cooked_mutton":3,"minecraft:white_bed":3,"minecraft:carrot":2,"minecraft:leather_boots":1,"minecraft:arrow":4,"minecraft:crying_obsidian":2,"minecraft:netherrack":1,"minecraft:iron_ingot":16,"minecraft:bread":68,"minecraft:oak_slab":2,"minecraft:wheat_seeds":22,"minecraft:golden_helmet":2,"minecraft:iron_helmet":1,"minecraft:oak_fence":30,"minecraft:feather":13,"minecraft:cobblestone":1,"minecraft:granite":2,"minecraft:stick":6,"minecraft:gray_wool":1,"minecraft:diorite":1,"minecraft:golden_carrot":1,"minecraft:torch":2,"minecraft:wooden_axe":1,"minecraft:iron_leggings":1,"minecraft:iron_shovel":1,"minecraft:string":6,"minecraft:dandelion":3,"minecraft:furnace":1,"minecraft:stone_sword":3,"minecraft:cocoa_beans":9,"minecraft:raw_iron":1,"minecraft:stone_shovel":1,"minecraft:light_gray_wool":1,"minecraft:iron_boots":2,"minecraft:cobblestone_slab":5,"minecraft:shield":2,"minecraft:iron_chestplate":1,"minecraft:pink_wool":1,"minecraft:oak_sapling":2,"minecraft:golden_leggings":1,"minecraft:oak_boat":1,"minecraft:spider_eye":2,"minecraft:bow":1,"minecraft:stone_pickaxe":3,"minecraft:wooden_pickaxe":4,"minecraft:black_wool":1},"minecraft:crafted":{"minecraft:oak_planks":1120,"minecraft:cobblestone_slab":24,"minecraft:cooked_chicken":2,"minecraft:bookshelf":2,"minecraft:cooked_mutton":72,"minecraft:hopper":1,"minecraft:diamond_helmet":1,"minecraft:diamond_leggings":1,"minecraft:iron_boots":2,"minecraft:chest":6,"minecraft:oak_slab":6,"minecraft:emerald":56,"minecraft:cooked_porkchop":30,"minecraft:diamond_axe":1,"minecraft:crafting_table":5,"minecraft:wooden_pickaxe":2,"minecraft:iron_helmet":1,"minecraft:fletching_table":2,"minecraft:birch_planks":8,"minecraft:lectern":2,"minecraft:iron_chestplate":1,"minecraft:book":10,"minecraft:paper":30,"minecraft:diamond_pickaxe":1,"minecraft:shield":3,"minecraft:stick":1828,"minecraft:iron_ingot":104,"minecraft:iron_pickaxe":3,"minecraft:iron_block":3,"minecraft:stone_sword":2,"minecraft:gold_ingot":12,"minecraft:wooden_sword":1,"minecraft:oak_door":3,"minecraft:stone_shovel":1,"minecraft:leather_boots":1,"minecraft:furnace":4,"minecraft:bone_meal":60,"minecraft:white_carpet":6,"minecraft:iron_axe":1,"minecraft:iron_hoe":1,"minecraft:stone_pickaxe":4,"minecraft:diamond_boots":1,"minecraft:wheat":189,"minecraft:cooked_beef":22,"minecraft:sugar":1,"minecraft:diamond_sword":1,"minecraft:iron_sword":3,"minecraft:bucket":2,"minecraft:stone_axe":3,"minecraft:enchanted_book":4,"minecraft:jungle_slab":6,"minecraft:bread":68,"minecraft:air":0,"minecraft:jungle_planks":392,"minecraft:oak_boat":1,"minecraft:wooden_axe":1,"minecraft:oak_stairs":80,"minecraft:iron_shovel":1,"minecraft:iron_leggings":1,"minecraft:anvil":1,"minecraft:white_bed":4,"minecraft:diamond_chestplate":1},"minecraft:custom":{"minecraft:animals_bred":3,"minecraft:interact_with_crafting_table":100,"minecraft:bell_ring":15,"minecraft:leave_game":15,"minecraft:time_since_death":471801,"minecraft:sprint_one_cm":1354678,"minecraft:damage_blocked_by_shield":510,"minecraft:drop":218,"minecraft:talked_to_villager":55,"minecraft:play_time":471801,"minecraft:jump":11213,"minecraft:walk_on_water_one_cm":51360,"minecraft:interact_with_furnace":163,"minecraft:traded_with_villager":60,"minecraft:sleep_in_bed":26,"minecraft:damage_dealt":26825,"minecraft:crouch_one_cm":46498,"minecraft:horse_one_cm":763,"minecraft:mob_kills":200,"minecraft:interact_with_anvil":2,"minecraft:climb_one_cm":8294,"minecraft:walk_one_cm":996238,"minecraft:sneak_time":18058,"minecraft:walk_under_water_one_cm":25433,"minecraft:boat_one_cm":340058,"minecraft:total_world_time":471801,"minecraft:time_since_rest":13205,"minecraft:damage_taken":7835,"minecraft:swim_one_cm":172824,"minecraft:fly_one_cm":2249270,"minecraft:open_chest":54,"minecraft:fall_one_cm":378023},"minecraft:used":{"minecraft:iron_shovel":214,"minecraft:chest":9,"minecraft:shield":13,"minecraft:iron_sword":294,"minecraft:bell":2,"minecraft:iron_chestplate":1,"minecraft:carrot":3,"minecraft:tuff":151,"minecraft:obsidian":17,"minecraft:lava_bucket":2,"minecraft:birch_sapling":2,"minecraft:magma_block":2,"minecraft:furnace":20,"minecraft:oak_sapling":47,"minecraft:egg":4,"minecraft:stone_pickaxe":101,"minecraft:oak_planks":410,"minecraft:wooden_pickaxe":24,"minecraft:sugar_cane":24,"minecraft:diamond_axe":511,"minecraft:crying_obsidian":1,"minecraft:lectern":28,"minecraft:diamond_sword":137,"minecraft:wooden_sword":9,"minecraft:oak_boat":9,"minecraft:bone_meal":62,"minecraft:experience_bottle":1,"minecraft:rose_bush":1,"minecraft:stone_sword":35,"minecraft:flint_and_steel":4,"minecraft:stone_shovel":131,"minecraft:cooked_chicken":2,"minecraft:netherrack":224,"minecraft:oak_door":5,"minecraft:torch":5,"minecraft:dirt":221,"minecraft:anvil":1,"minecraft:white_carpet":8,"minecraft:hopper":1,"minecraft:granite":2,"minecraft:iron_hoe":107,"minecraft:iron_axe":223,"minecraft:oak_stairs":72,"minecraft:jungle_log":11,"minecraft:iron_boots":1,"minecraft:golden_carrot":6,"minecraft:cooked_beef":35,"minecraft:cobbled_deepslate":269,"minecraft:wheat_seeds":92,"minecraft:cooked_mutton":71,"minecraft:water_bucket":13,"minecraft:fletching_table":4,"minecraft:cobblestone_slab":24,"minecraft:crafting_table":23,"minecraft:white_bed":14,"minecraft:oak_log":31,"minecraft:diamond_pickaxe":1028,"minecraft:apple":3,"minecraft:iron_pickaxe":747,"minecraft:stone_axe":252,"minecraft:cobblestone":166,"minecraft:cooked_porkchop":17,"minecraft:bucket":17,"minecraft:yellow_bed":4,"minecraft:dandelion":1},"minecraft:broken":{"minecraft:stone_pickaxe":1,"minecraft:stone_axe":1,"minecraft:iron_axe":1,"minecraft:iron_pickaxe":3},"minecraft:mined":{"minecraft:white_bed":11,"minecraft:oak_sapling":3,"minecraft:jungle_leaves":9,"minecraft:obsidian":13,"minecraft:granite":3,"minecraft:grass_block":169,"minecraft:jungle_log":109,"minecraft:magma_block":5,"minecraft:iron_ore":70,"minecraft:cobbled_deepslate":72,"minecraft:fire":23,"minecraft:moss_carpet":6,"minecraft:fletching_table":2,"minecraft:dirt_path":1,"minecraft:oak_stairs":10,"minecraft:azalea":1,"minecraft:deepslate_redstone_ore":7,"minecraft:blackstone":11,"minecraft:powder_snow":1,"minecraft:chest":4,"minecraft:nether_quartz_ore":79,"minecraft:cobblestone":8,"minecraft:sugar_cane":67,"minecraft:oak_planks":106,"minecraft:wall_torch":4,"minecraft:seagrass":2,"minecraft:warped_nylium":10,"minecraft:nether_wart_block":2,"minecraft:birch_log":2,"minecraft:wheat":29,"minecraft:grass":301,"minecraft:oak_log":359,"minecraft:dirt":134,"minecraft:netherrack":559,"minecraft:ancient_debris":2,"minecraft:oak_leaves":120,"minecraft:deepslate":268,"minecraft:nether_gold_ore":30,"minecraft:diamond_ore":1,"minecraft:crying_obsidian":1,"minecraft:tuff":231,"minecraft:deepslate_diamond_ore":51,"minecraft:oak_door":3,"minecraft:glow_lichen":1,"minecraft:moss_block":84,"minecraft:hay_block":21,"minecraft:furnace":15,"minecraft:andesite":1,"minecraft:bell":2,"minecraft:mossy_stone_brick_stairs":1,"minecraft:deepslate_iron_ore":48,"minecraft:shroomlight":1,"minecraft:cobblestone_slab":6,"minecraft:vine":36,"minecraft:stripped_jungle_log":1,"minecraft:stone":272,"minecraft:flowering_azalea":2,"minecraft:soul_sand":5,"minecraft:dandelion":2,"minecraft:oak_fence":9,"minecraft:crafting_table":20,"minecraft:rose_bush":1,"minecraft:lectern":26,"minecraft:tall_grass":59,"minecraft:deepslate_gold_ore":2,"minecraft:diorite":3,"minecraft:white_carpet":2,"minecraft:birch_leaves":3,"minecraft:yellow_bed":4,"minecraft:coal_ore":93,"minecraft:gravel":71,"minecraft:fern":12}},"DataVersion":3120}