{"stats":{"minecraft:killed_by":{"minecraft:skeleton":1,"minecraft:creeper":1,"minecraft:spider":1,"minecraft:pillager":1},"minecraft:picked_up":{"minecraft:wooden_axe":2,"minecraft:crafting_table":3,"minecraft:azure_bluet":1,"minecraft:feather":3,"minecraft:golden_carrot":1,"minecraft:salmon":2,"minecraft:andesite":2,"minecraft:brown_wool":2,"minecraft:leather":11,"minecraft:wooden_pickaxe":7,"minecraft:birch_planks":256,"minecraft:tuff":2,"minecraft:oak_log":17,"minecraft:shield":2,"minecraft:cornflower":2,"minecraft:dirt":36,"minecraft:iron_axe":1,"minecraft:iron_shovel":1,"minecraft:leather_boots":2,"minecraft:cooked_mutton":2,"minecraft:glass":11,"minecraft:bone":3,"minecraft:apple":1,"minecraft:bow":2,"minecraft:wheat_seeds":12,"minecraft:cobbled_deepslate":9,"minecraft:spruce_planks":12,"minecraft:iron_ingot":13,"minecraft:beef":4,"minecraft:poppy":4,"minecraft:iron_pickaxe":1,"minecraft:sugar_cane":1,"minecraft:iron_sword":1,"minecraft:oak_planks":586,"minecraft:iron_boots":1,"minecraft:egg":3,"minecraft:pumpkin":6,"minecraft:dandelion":11,"minecraft:porkchop":2,"minecraft:sand":123,"minecraft:diorite":2,"minecraft:spruce_log":6,"minecraft:stone_sword":3,"minecraft:rotten_flesh":4,"minecraft:oak_sapling":1,"minecraft:coal":16,"minecraft:mutton":3,"minecraft:white_wool":2,"minecraft:cobblestone":53,"minecraft:oxeye_daisy":4},"minecraft:killed":{"minecraft:pig":1,"minecraft:salmon":1,"minecraft:spider":2,"minecraft:horse":1,"minecraft:sheep":3,"minecraft:skeleton":1,"minecraft:zombie":2,"minecraft:cow":2},"minecraft:dropped":{"minecraft:iron_ingot":13,"minecraft:stone_sword":1,"minecraft:crafting_table":1,"minecraft:oak_planks":2,"minecraft:sand":36,"minecraft:glass":11,"minecraft:wooden_pickaxe":3},"minecraft:crafted":{"minecraft:cooked_beef":1,"minecraft:red_dye":2,"minecraft:oak_planks":20,"minecraft:crafting_table":1,"minecraft:spruce_planks":20,"minecraft:cooked_chicken":1,"minecraft:cooked_salmon":1,"minecraft:yellow_stained_glass":8,"minecraft:glass":51,"minecraft:red_stained_glass":8,"minecraft:yellow_dye":5,"minecraft:spruce_wood":3,"minecraft:light_gray_dye":1},"minecraft:custom":{"minecraft:interact_with_furnace":21,"minecraft:mob_kills":13,"minecraft:interact_with_crafting_table":10,"minecraft:leave_game":12,"minecraft:climb_one_cm":1011,"minecraft:time_since_death":43188,"minecraft:sleep_in_bed":12,"minecraft:time_since_rest":11584,"minecraft:sprint_one_cm":805,"minecraft:damage_taken":2647,"minecraft:walk_one_cm":393405,"minecraft:drop":11,"minecraft:damage_dealt":2209,"minecraft:swim_one_cm":610,"minecraft:fly_one_cm":23454,"minecraft:open_chest":6,"minecraft:crouch_one_cm":491,"minecraft:play_time":152644,"minecraft:deaths":7,"minecraft:sneak_time":243,"minecraft:walk_under_water_one_cm":22364,"minecraft:jump":2007,"minecraft:walk_on_water_one_cm":42472,"minecraft:total_world_time":152644,"minecraft:fall_one_cm":55314},"minecraft:used":{"minecraft:cooked_mutton":2,"minecraft:stone_sword":74,"minecraft:red_stained_glass":4,"minecraft:oak_planks":2,"minecraft:iron_sword":32,"minecraft:wooden_pickaxe":45,"minecraft:cooked_salmon":1,"minecraft:leather_boots":1,"minecraft:cooked_chicken":1,"minecraft:salmon":1,"minecraft:dirt":17,"minecraft:mutton":1,"minecraft:crafting_table":1,"minecraft:glass":30,"minecraft:wooden_axe":1,"minecraft:apple":1,"minecraft:yellow_stained_glass":8,"minecraft:iron_pickaxe":24,"minecraft:brown_wool":1,"minecraft:golden_carrot":1,"minecraft:cobblestone":9,"minecraft:beef":2,"minecraft:egg":1,"minecraft:cooked_beef":1,"minecraft:cobbled_deepslate":5},"minecraft:broken":{"minecraft:wooden_pickaxe":1},"minecraft:mined":{"minecraft:sculk_vein":1,"minecraft:dandelion":6,"minecraft:powder_snow":1,"minecraft:crafting_table":1,"minecraft:cornflower":2,"minecraft:grass_block":12,"minecraft:poppy":3,"minecraft:glass":2,"minecraft:tall_grass":10,"minecraft:sugar_cane":1,"minecraft:sculk":24,"minecraft:diorite":1,"minecraft:oxeye_daisy":2,"minecraft:cobbled_deepslate":2,"minecraft:spruce_log":6,"minecraft:andesite":1,"minecraft:pumpkin":3,"minecraft:grass":48,"minecraft:coal_ore":16,"minecraft:oak_log":11,"minecraft:sand":90,"minecraft:dirt":3,"minecraft:stone":35,"minecraft:yellow_stained_glass":8,"minecraft:oak_leaves":1,"minecraft:deepslate":2,"minecraft:fern":1}},"DataVersion":3120}