{"stats":{"minecraft:killed_by":{"minecraft:skeleton":1,"minecraft:creeper":1,"minecraft:spider":1,"minecraft:pillager":1},"minecraft:picked_up":{"minecraft:wooden_axe":2,"minecraft:stripped_oak_log":1,"minecraft:crafting_table":3,"minecraft:azure_bluet":2,"minecraft:feather":5,"minecraft:chicken":1,"minecraft:jungle_log":2,"minecraft:golden_carrot":1,"minecraft:salmon":4,"minecraft:andesite":2,"minecraft:brown_wool":2,"minecraft:leather":12,"minecraft:wooden_pickaxe":7,"minecraft:birch_planks":256,"minecraft:tuff":2,"minecraft:oak_log":22,"minecraft:shield":2,"minecraft:cornflower":2,"minecraft:dirt":55,"minecraft:iron_axe":1,"minecraft:iron_shovel":1,"minecraft:leather_boots":2,"minecraft:cooked_mutton":2,"minecraft:glass":11,"minecraft:bone":4,"minecraft:apple":1,"minecraft:bow":2,"minecraft:wheat_seeds":20,"minecraft:cobbled_deepslate":9,"minecraft:spruce_planks":12,"minecraft:iron_ingot":13,"minecraft:beef":5,"minecraft:melon_slice":76,"minecraft:poppy":4,"minecraft:iron_pickaxe":1,"minecraft:sugar_cane":1,"minecraft:birch_sapling":5,"minecraft:iron_sword":1,"minecraft:oak_planks":586,"minecraft:dark_oak_stairs":2,"minecraft:iron_boots":1,"minecraft:egg":4,"minecraft:pumpkin":22,"minecraft:dandelion":11,"minecraft:porkchop":8,"minecraft:sand":123,"minecraft:diorite":2,"minecraft:spruce_log":6,"minecraft:arrow":2,"minecraft:stone_sword":3,"minecraft:rotten_flesh":4,"minecraft:peony":2,"minecraft:birch_log":1,"minecraft:oak_sapling":2,"minecraft:coal":22,"minecraft:mutton":4,"minecraft:white_wool":3,"minecraft:cobblestone":72,"minecraft:oxeye_daisy":4},"minecraft:killed":{"minecraft:pig":3,"minecraft:salmon":3,"minecraft:spider":2,"minecraft:horse":1,"minecraft:sheep":4,"minecraft:skeleton":1,"minecraft:zombie":2,"minecraft:chicken":1,"minecraft:cow":3},"minecraft:dropped":{"minecraft:iron_ingot":13,"minecraft:stone_sword":1,"minecraft:crafting_table":1,"minecraft:feather":2,"minecraft:oak_planks":2,"minecraft:azure_bluet":2,"minecraft:cornflower":1,"minecraft:sand":36,"minecraft:glass":11,"minecraft:wooden_pickaxe":3},"minecraft:crafted":{"minecraft:cooked_beef":1,"minecraft:red_dye":2,"minecraft:oak_planks":20,"minecraft:cooked_porkchop":8,"minecraft:crafting_table":1,"minecraft:spruce_planks":20,"minecraft:cooked_chicken":1,"minecraft:cooked_salmon":2,"minecraft:bone_meal":9,"minecraft:yellow_stained_glass":8,"minecraft:glass":51,"minecraft:red_stained_glass":8,"minecraft:yellow_dye":5,"minecraft:spruce_wood":3,"minecraft:light_gray_dye":1},"minecraft:custom":{"minecraft:interact_with_furnace":28,"minecraft:mob_kills":20,"minecraft:interact_with_crafting_table":11,"minecraft:leave_game":12,"minecraft:climb_one_cm":1123,"minecraft:time_since_death":79188,"minecraft:sleep_in_bed":16,"minecraft:time_since_rest":2508,"minecraft:sprint_one_cm":805,"minecraft:damage_taken":2837,"minecraft:walk_one_cm":507550,"minecraft:drop":15,"minecraft:damage_dealt":2648,"minecraft:swim_one_cm":610,"minecraft:fly_one_cm":30585,"minecraft:open_chest":14,"minecraft:crouch_one_cm":491,"minecraft:play_time":188644,"minecraft:deaths":7,"minecraft:sneak_time":243,"minecraft:walk_under_water_one_cm":28536,"minecraft:jump":2707,"minecraft:walk_on_water_one_cm":62395,"minecraft:total_world_time":188644,"minecraft:fall_one_cm":69748},"minecraft:used":{"minecraft:cooked_mutton":2,"minecraft:dark_oak_stairs":2,"minecraft:stone_sword":74,"minecraft:iron_shovel":24,"minecraft:red_stained_glass":4,"minecraft:oak_planks":2,"minecraft:iron_sword":44,"minecraft:wooden_pickaxe":45,"minecraft:cooked_salmon":2,"minecraft:leather_boots":1,"minecraft:cooked_chicken":1,"minecraft:salmon":1,"minecraft:dirt":17,"minecraft:mutton":1,"minecraft:crafting_table":1,"minecraft:glass":30,"minecraft:wooden_axe":1,"minecraft:apple":1,"minecraft:birch_sapling":2,"minecraft:yellow_stained_glass":8,"minecraft:iron_axe":34,"minecraft:iron_pickaxe":112,"minecraft:brown_wool":1,"minecraft:golden_carrot":1,"minecraft:cobblestone":13,"minecraft:beef":2,"minecraft:oak_sapling":1,"minecraft:cooked_porkchop":2,"minecraft:bone_meal":7,"minecraft:egg":1,"minecraft:cooked_beef":1,"minecraft:cobbled_deepslate":5},"minecraft:broken":{"minecraft:wooden_pickaxe":1},"minecraft:mined":{"minecraft:sculk_vein":1,"minecraft:dandelion":6,"minecraft:powder_snow":1,"minecraft:crafting_table":1,"minecraft:cornflower":2,"minecraft:melon":15,"minecraft:grass_block":26,"minecraft:poppy":3,"minecraft:jungle_log":2,"minecraft:glass":2,"minecraft:tall_grass":10,"minecraft:cobblestone":2,"minecraft:sugar_cane":1,"minecraft:sculk":24,"minecraft:diorite":3,"minecraft:oxeye_daisy":2,"minecraft:tall_seagrass":1,"minecraft:birch_log":1,"minecraft:cobbled_deepslate":2,"minecraft:spruce_log":6,"minecraft:andesite":1,"minecraft:pumpkin":19,"minecraft:bee_nest":1,"minecraft:peony":2,"minecraft:dark_oak_stairs":3,"minecraft:grass":63,"minecraft:coal_ore":22,"minecraft:oak_log":16,"minecraft:vine":1,"minecraft:sand":90,"minecraft:dirt":6,"minecraft:stripped_oak_log":1,"minecraft:stone":56,"minecraft:yellow_stained_glass":8,"minecraft:oak_leaves":30,"minecraft:deepslate":2,"minecraft:fern":4}},"DataVersion":3120}