{"stats":{"minecraft:killed_by":{"minecraft:creeper":1,"minecraft:spider":1,"minecraft:pillager":1,"minecraft:skeleton":2},"minecraft:picked_up":{"minecraft:wooden_axe":2,"minecraft:crafting_table":6,"minecraft:azure_bluet":2,"minecraft:chicken":1,"minecraft:wooden_pickaxe":7,"minecraft:shield":2,"minecraft:cornflower":2,"minecraft:iron_axe":1,"minecraft:iron_shovel":1,"minecraft:cobbled_deepslate":9,"minecraft:spruce_planks":12,"minecraft:beef":5,"minecraft:poppy":4,"minecraft:iron_pickaxe":1,"minecraft:melon_slice":76,"minecraft:sugar_cane":1,"minecraft:chest":4,"minecraft:birch_sapling":5,"minecraft:furnace":2,"minecraft:iron_boots":1,"minecraft:egg":4,"minecraft:porkchop":8,"minecraft:diorite":2,"minecraft:stone_sword":3,"minecraft:arrow":2,"minecraft:rotten_flesh":4,"minecraft:peony":2,"minecraft:mutton":4,"minecraft:white_wool":3,"minecraft:cobblestone":80,"minecraft:oxeye_daisy":4,"minecraft:birch_log":1,"minecraft:stripped_oak_log":1,"minecraft:feather":5,"minecraft:golden_carrot":1,"minecraft:andesite":2,"minecraft:salmon":4,"minecraft:jungle_log":2,"minecraft:leather":12,"minecraft:brown_wool":2,"minecraft:birch_planks":256,"minecraft:tuff":2,"minecraft:oak_log":22,"minecraft:dirt":108,"minecraft:cooked_mutton":2,"minecraft:leather_boots":2,"minecraft:bone":4,"minecraft:glass":11,"minecraft:apple":1,"minecraft:bow":2,"minecraft:wheat_seeds":20,"minecraft:iron_ingot":13,"minecraft:cooked_chicken":1,"minecraft:oak_planks":654,"minecraft:iron_sword":1,"minecraft:dark_oak_stairs":2,"minecraft:pumpkin":22,"minecraft:dandelion":11,"minecraft:sand":123,"minecraft:white_bed":1,"minecraft:spruce_log":6,"minecraft:stone_axe":1,"minecraft:oak_sapling":2,"minecraft:coal":39},"minecraft:killed":{"minecraft:spider":2,"minecraft:horse":1,"minecraft:skeleton":1,"minecraft:chicken":1,"minecraft:pig":3,"minecraft:salmon":3,"minecraft:sheep":4,"minecraft:zombie":2,"minecraft:cow":3},"minecraft:dropped":{"minecraft:iron_ingot":13,"minecraft:crafting_table":1,"minecraft:feather":2,"minecraft:dirt":2,"minecraft:cornflower":1,"minecraft:sand":36,"minecraft:stone_axe":1,"minecraft:stone_sword":1,"minecraft:oak_planks":3,"minecraft:azure_bluet":2,"minecraft:wooden_pickaxe":3,"minecraft:glass":11},"minecraft:crafted":{"minecraft:oak_planks":20,"minecraft:cooked_chicken":1,"minecraft:bone_meal":9,"minecraft:cooked_mutton":2,"minecraft:glass":51,"minecraft:spruce_wood":3,"minecraft:chest":2,"minecraft:oak_button":1,"minecraft:cooked_beef":1,"minecraft:red_dye":2,"minecraft:cooked_porkchop":8,"minecraft:crafting_table":1,"minecraft:spruce_planks":20,"minecraft:cooked_salmon":2,"minecraft:yellow_stained_glass":8,"minecraft:red_stained_glass":8,"minecraft:yellow_dye":5,"minecraft:stick":4,"minecraft:light_gray_dye":1},"minecraft:custom":{"minecraft:mob_kills":20,"minecraft:interact_with_crafting_table":13,"minecraft:leave_game":12,"minecraft:time_since_death":3134,"minecraft:climb_one_cm":1123,"minecraft:sprint_one_cm":1161,"minecraft:walk_one_cm":555912,"minecraft:drop":19,"minecraft:play_time":212644,"minecraft:deaths":8,"minecraft:sneak_time":267,"minecraft:walk_under_water_one_cm":36745,"minecraft:jump":2974,"minecraft:walk_on_water_one_cm":75440,"minecraft:total_world_time":212644,"minecraft:interact_with_furnace":29,"minecraft:sleep_in_bed":19,"minecraft:time_since_rest":3201,"minecraft:damage_taken":3016,"minecraft:damage_dealt":2648,"minecraft:swim_one_cm":610,"minecraft:fly_one_cm":32166,"minecraft:open_chest":19,"minecraft:crouch_one_cm":491,"minecraft:fall_one_cm":78776},"minecraft:used":{"minecraft:stone_sword":74,"minecraft:iron_shovel":71,"minecraft:chest":4,"minecraft:iron_sword":44,"minecraft:cooked_salmon":2,"minecraft:cooked_chicken":1,"minecraft:dirt":19,"minecraft:mutton":1,"minecraft:glass":30,"minecraft:wooden_axe":1,"minecraft:yellow_stained_glass":8,"minecraft:iron_axe":34,"minecraft:birch_sapling":2,"minecraft:golden_carrot":1,"minecraft:beef":2,"minecraft:oak_sapling":1,"minecraft:egg":1,"minecraft:cooked_beef":1,"minecraft:cobbled_deepslate":5,"minecraft:cooked_mutton":2,"minecraft:dark_oak_stairs":2,"minecraft:red_stained_glass":4,"minecraft:oak_planks":73,"minecraft:wooden_pickaxe":45,"minecraft:leather_boots":1,"minecraft:salmon":2,"minecraft:crafting_table":1,"minecraft:white_bed":1,"minecraft:apple":1,"minecraft:brown_wool":1,"minecraft:iron_pickaxe":136,"minecraft:stone_axe":64,"minecraft:cobblestone":13,"minecraft:cooked_porkchop":3,"minecraft:bone_meal":7},"minecraft:broken":{"minecraft:wooden_pickaxe":1},"minecraft:mined":{"minecraft:white_bed":1,"minecraft:sculk_vein":1,"minecraft:grass_block":28,"minecraft:jungle_log":2,"minecraft:oxeye_daisy":2,"minecraft:tall_seagrass":1,"minecraft:furnace":2,"minecraft:cobbled_deepslate":2,"minecraft:andesite":1,"minecraft:pumpkin":19,"minecraft:peony":2,"minecraft:dark_oak_stairs":3,"minecraft:vine":1,"minecraft:stripped_oak_log":1,"minecraft:stone":60,"minecraft:dandelion":6,"minecraft:powder_snow":1,"minecraft:crafting_table":4,"minecraft:cornflower":2,"minecraft:poppy":3,"minecraft:melon":15,"minecraft:chest":4,"minecraft:tall_grass":10,"minecraft:glass":2,"minecraft:cobblestone":6,"minecraft:oak_planks":68,"minecraft:sugar_cane":1,"minecraft:sculk":24,"minecraft:diorite":3,"minecraft:birch_log":1,"minecraft:spruce_log":6,"minecraft:bee_nest":1,"minecraft:grass":63,"minecraft:oak_log":16,"minecraft:coal_ore":29,"minecraft:sand":90,"minecraft:dirt":56,"minecraft:yellow_stained_glass":8,"minecraft:oak_leaves":30,"minecraft:deepslate":2,"minecraft:fern":4}},"DataVersion":3120}