{"stats":{"minecraft:killed_by":{"minecraft:skeleton":1,"minecraft:creeper":1,"minecraft:pillager":1},"minecraft:picked_up":{"minecraft:wooden_axe":2,"minecraft:crafting_table":2,"minecraft:azure_bluet":1,"minecraft:feather":3,"minecraft:golden_carrot":1,"minecraft:salmon":2,"minecraft:andesite":2,"minecraft:brown_wool":2,"minecraft:leather":10,"minecraft:wooden_pickaxe":7,"minecraft:birch_planks":256,"minecraft:tuff":2,"minecraft:oak_log":17,"minecraft:shield":2,"minecraft:cornflower":1,"minecraft:dirt":32,"minecraft:iron_axe":1,"minecraft:iron_shovel":1,"minecraft:leather_boots":2,"minecraft:cooked_mutton":2,"minecraft:bone":1,"minecraft:apple":1,"minecraft:bow":2,"minecraft:wheat_seeds":10,"minecraft:cobbled_deepslate":9,"minecraft:spruce_planks":12,"minecraft:iron_ingot":13,"minecraft:beef":4,"minecraft:poppy":2,"minecraft:iron_pickaxe":1,"minecraft:sugar_cane":1,"minecraft:iron_sword":1,"minecraft:oak_planks":586,"minecraft:iron_boots":1,"minecraft:egg":1,"minecraft:pumpkin":6,"minecraft:dandelion":7,"minecraft:diorite":2,"minecraft:spruce_log":6,"minecraft:stone_sword":3,"minecraft:rotten_flesh":3,"minecraft:oak_sapling":1,"minecraft:mutton":2,"minecraft:white_wool":1,"minecraft:cobblestone":46,"minecraft:oxeye_daisy":4},"minecraft:killed":{"minecraft:salmon":1,"minecraft:spider":1,"minecraft:sheep":2,"minecraft:zombie":2,"minecraft:cow":2},"minecraft:dropped":{"minecraft:iron_ingot":13,"minecraft:stone_sword":1,"minecraft:oak_planks":2,"minecraft:wooden_pickaxe":3},"minecraft:crafted":{"minecraft:cooked_beef":1,"minecraft:oak_planks":20,"minecraft:crafting_table":1,"minecraft:spruce_planks":20,"minecraft:cooked_salmon":1,"minecraft:spruce_wood":3},"minecraft:custom":{"minecraft:interact_with_furnace":1,"minecraft:mob_kills":8,"minecraft:interact_with_crafting_table":4,"minecraft:leave_game":12,"minecraft:time_since_death":16018,"minecraft:sleep_in_bed":8,"minecraft:time_since_rest":14549,"minecraft:sprint_one_cm":639,"minecraft:damage_taken":2208,"minecraft:walk_one_cm":261690,"minecraft:drop":7,"minecraft:damage_dealt":1451,"minecraft:swim_one_cm":610,"minecraft:fly_one_cm":15612,"minecraft:open_chest":1,"minecraft:crouch_one_cm":491,"minecraft:play_time":104644,"minecraft:deaths":6,"minecraft:sneak_time":232,"minecraft:walk_under_water_one_cm":18472,"minecraft:jump":1447,"minecraft:walk_on_water_one_cm":34871,"minecraft:total_world_time":104644,"minecraft:fall_one_cm":45907},"minecraft:used":{"minecraft:cooked_mutton":2,"minecraft:stone_sword":74,"minecraft:oak_planks":1,"minecraft:wooden_pickaxe":45,"minecraft:cooked_salmon":1,"minecraft:leather_boots":1,"minecraft:salmon":1,"minecraft:dirt":6,"minecraft:mutton":1,"minecraft:wooden_axe":1,"minecraft:apple":1,"minecraft:brown_wool":1,"minecraft:golden_carrot":1,"minecraft:cobblestone":8,"minecraft:beef":2,"minecraft:egg":1,"minecraft:cooked_beef":1,"minecraft:cobbled_deepslate":5},"minecraft:broken":{"minecraft:wooden_pickaxe":1},"minecraft:mined":{"minecraft:sculk_vein":1,"minecraft:dandelion":2,"minecraft:powder_snow":1,"minecraft:crafting_table":1,"minecraft:cornflower":1,"minecraft:grass_block":10,"minecraft:poppy":1,"minecraft:tall_grass":8,"minecraft:sugar_cane":1,"minecraft:sculk":24,"minecraft:diorite":1,"minecraft:oxeye_daisy":2,"minecraft:cobbled_deepslate":2,"minecraft:spruce_log":6,"minecraft:andesite":1,"minecraft:pumpkin":3,"minecraft:grass":35,"minecraft:oak_log":11,"minecraft:dirt":1,"minecraft:stone":28,"minecraft:oak_leaves":1,"minecraft:deepslate":2}},"DataVersion":3120}