{
  "minecraft:recipes/decorations/crafting_table": {
    "criteria": {
      "unlock_right_away": "2024-06-19 04:56:12 +0000"
    },
    "done": true
  },
  "minecraft:adventure/adventuring_time": {
    "criteria": {
      "minecraft:wooded_badlands": "2024-06-19 05:00:44 +0000",
      "minecraft:badlands": "2024-06-19 05:00:12 +0000",
      "minecraft:river": "2024-06-19 04:59:26 +0000",
      "minecraft:desert": "2024-06-19 04:56:13 +0000",
      "minecraft:jungle": "2024-06-19 05:01:07 +0000"
    },
    "done": false
  },
  "DataVersion": 3465
}